{
  "id": "1924558",
  "name": "ToDoApp",
  "font_family": "iconfont",
  "css_prefix_text": "icon-",
  "description": "模仿Microsoft To Do的WPF项目",
  "glyphs": [
    {
      "icon_id": "584124",
      "name": "删除",
      "font_class": "iconfontshanchu5",
      "unicode": "e61c",
      "unicode_decimal": 58908
    },
    {
      "icon_id": "704562",
      "name": "添加预注册企业",
      "font_class": "tianjiayuzhuceqiye",
      "unicode": "e696",
      "unicode_decimal": 59030
    },
    {
      "icon_id": "648799",
      "name": "灯泡",
      "font_class": "dengpao",
      "unicode": "e630",
      "unicode_decimal": 58928
    },
    {
      "icon_id": "853083",
      "name": "房子",
      "font_class": "fangzi",
      "unicode": "e6d3",
      "unicode_decimal": 59091
    },
    {
      "icon_id": "947489",
      "name": "员工",
      "font_class": "yuangong",
      "unicode": "e64e",
      "unicode_decimal": 58958
    },
    {
      "icon_id": "2681717",
      "name": "五角星",
      "font_class": "wujiaoxing",
      "unicode": "e614",
      "unicode_decimal": 58900
    },
    {
      "icon_id": "4425876",
      "name": "更多",
      "font_class": "gengduo",
      "unicode": "e7ac",
      "unicode_decimal": 59308
    },
    {
      "icon_id": "5403072",
      "name": "搜索",
      "font_class": "sousuo",
      "unicode": "e637",
      "unicode_decimal": 58935
    },
    {
      "icon_id": "866216",
      "name": "附件_attachment14",
      "font_class": "fujianattachment14",
      "unicode": "e905",
      "unicode_decimal": 59653
    },
    {
      "icon_id": "5652435",
      "name": "右箭头",
      "font_class": "youjiantou",
      "unicode": "e606",
      "unicode_decimal": 58886
    },
    {
      "icon_id": "4514266",
      "name": "提醒",
      "font_class": "tixing",
      "unicode": "e7d1",
      "unicode_decimal": 59345
    },
    {
      "icon_id": "4933144",
      "name": "加号",
      "font_class": "jiahao",
      "unicode": "e6c3",
      "unicode_decimal": 59075
    },
    {
      "icon_id": "5729394",
      "name": "太阳",
      "font_class": "taiyang",
      "unicode": "e7ed",
      "unicode_decimal": 59373
    },
    {
      "icon_id": "7055635",
      "name": "日历",
      "font_class": "rili",
      "unicode": "e72a",
      "unicode_decimal": 59178
    },
    {
      "icon_id": "12550391",
      "name": "重复",
      "font_class": "zhongfu",
      "unicode": "e628",
      "unicode_decimal": 58920
    }
  ]
}
